model,accuracy,precision,recall,f1_score,roc_auc
MLP (ANN),0.9166666666666666,1.0,0.8214285714285714,0.9019607843137255,0.9508928571428571
LSTM,0.9,1.0,0.7857142857142857,0.88,0.9475446428571428
Naive Bayes,0.8666666666666667,1.0,0.7142857142857143,0.8333333333333334,0.9129464285714285
Random Forest,0.8333333333333334,0.875,0.75,0.8076923076923077,0.9196428571428572
Decision Tree,0.8,0.8333333333333334,0.7142857142857143,0.7692307692307693,0.84375
