{
    "model": "Decision Tree",
    "accuracy": 0.8,
    "precision": 0.8333333333333334,
    "recall": 0.7142857142857143,
    "f1_score": 0.7692307692307693,
    "roc_auc": 0.84375,
    "cv_mean": 0.726063829787234,
    "cv_std": 0.07326525623883305
}