{
    "model": "MLP (ANN)",
    "accuracy": 0.9166666666666666,
    "precision": 1.0,
    "recall": 0.8214285714285714,
    "f1_score": 0.9019607843137255,
    "roc_auc": 0.9508928571428571,
    "epochs_trained": 42,
    "final_train_loss": 0.22623540461063385,
    "final_val_loss": 0.4370928108692169
}