{
    "model": "Naive Bayes",
    "accuracy": 0.8666666666666667,
    "precision": 1.0,
    "recall": 0.7142857142857143,
    "f1_score": 0.8333333333333334,
    "roc_auc": 0.9129464285714285,
    "bootstrap_mean": 0.8666833333333333,
    "ci_lower": 0.7666666666666667,
    "ci_upper": 0.95
}