{
    "model": "Random Forest",
    "accuracy": 0.8333333333333334,
    "precision": 0.875,
    "recall": 0.75,
    "f1_score": 0.8076923076923077,
    "roc_auc": 0.9196428571428572,
    "cv_mean": 0.8190602836879431,
    "cv_std": 0.052522686660657576
}